LOGISTA France n°01,"Bistro, en 30 g",8.90,8.90
LOGISTA France n°01,"Bistro Noir, en 30 g",8.90,8.90
LOGISTA France n°01,"Brookfield n°1, en 50 g",14.80,14.80
LOGISTA France n°01,"Chevalier, en 30 g",8.70,8.70
LOGISTA France n°01,"Golden blend's n°1, en 50 g",15.60,15.60
LOGISTA France n°01,"Golden blend's n°2, en 50 g",15.60,15.60
LOGISTA France n°01,"Golden blend's n°3, en 50 g",15.60,15.60
LOGISTA France n°01,"J B R Adventure, en 50 g",14.80,14.80
LOGISTA France n°01,"Radford's Caribbean blend, en 50 g",14.80,14.80
LOGISTA France n°01,"Radford's Scottish blend, en 50 g",14.80,14.80
LOGISTA France n°01,"7 Seas original blend, en 40 g",16.30,16.50
LOGISTA France n°01,"7 Seas regular blend, en 40 g",16.30,16.50
LOGISTA France n°01,"7 Seas Royal blend, en 40 g",16.30,16.50
LOGISTA France n°01,"Classic Loose Cut, en 50 g",19.50,20.00
LOGISTA France n°01,"Mixture, en 50 g",19.50,20.00
LOGISTA France n°01,"Original Choice tabac à pipe, en 40 g",19.60,20.00
LOGISTA France n°01,"Frérot blond l'Authentique, en 100 g",29.50,29.50
LOGISTA France n°01,"Frérot blond Original, en 20 g",5.00,5.00
LOGISTA France n°01,"Amphora full, en 50 g",18.90,19.90
LOGISTA France n°01,"Amsterdamer, en 40 g",14.90,16.50
LOGISTA France n°01,"Backwoods Red XXL, en 150 g",38.00,39.50
LOGISTA France n°01,"Backwoods Red, en 30 g",7.60,7.90
LOGISTA France n°01,"Backwoods Red, en 75 g",19.00,19.75
LOGISTA France n°01,"Caporal (blague), en 40 g",14.90,16.50
LOGISTA France n°01,"Caporal export, en 40 g",16.70,17.70
LOGISTA France n°01,"Le Supérieur, en 40 g",16.70,17.70
LOGISTA France n°01,"Saint Claude, en 40 g",16.70,17.70
LOGISTA France n°01,"Scaferlati bleu (blague), en 40 g",16.70,17.70
LOGISTA France n°01,"Scaferlati vert (blague), en 40 g",16.70,17.70
LOGISTA France n°01,"Backwoods White, en 20 g",5.20,5.50
LOGISTA France n°01,"Backwoods Red, en 100 g",25.35,26.35
LOGISTA France n°01,"Backwoods White, en 100 g",26.00,27.50
LOGISTA France n°01,"Clan Hollandia, en 30 g",10.85,10.85
LOGISTA France n°01,"Clan Hollandia, en 50 g",18.10,18.10
LOGISTA France n°01,"Clan original (par 5), en 30 g",11.90,11.90
LOGISTA France n°01,"Clan original (par 5), en 50 g",19.85,19.85
LOGISTA France n°01,"Clan Tradition, en 30 g",10.95,10.95
LOGISTA France n°01,"Clan Tradition, en 50 g",18.25,18.25
LOGISTA France n°01,"Mon Terroir blond (blague), en 30 g",7.50,7.50
LOGISTA France n°01,"Schippers speciaal (par 5), en 50 g",20.00,20.00
LOGISTA France n°01,"Schippers speciaal, en 30 g",12.00,12.00
LOGISTA France n°01,"Van Dyck (par 5), en 50 g",20.00,20.00
LOGISTA France n°01,"Van Dyck, en 30 g",12.00,12.00
LOGISTA France n°01,"1637 coupe large en blague, en 40 g",13.50,13.50
DAVIDOFF n°07,"1855 Erik Peter's blend, en 50 g",33.00,33.00
DAVIDOFF n°07,"1855 Erik Peter's blend (5 boîtes de 50g), en 250 g",165.00,165.00
DAVIDOFF n°07,"1957 Erik Michael's blend, en 50 g",33.00,33.00
DAVIDOFF n°07,"1957 Erik Michael's blend (5 boîtes de 50g), en 250 g",165.00,165.00
DAVIDOFF n°07,"Alsbo Black, en 50 g",23.00,23.00
DAVIDOFF n°07,"Alsbo Black (5 blagues de 50g), en 250 g",115.00,115.00
DAVIDOFF n°07,"Alsbo Gold, en 50 g",23.00,23.00
DAVIDOFF n°07,"Alsbo Gold (5 blagues de 50g), en 250 g",115.00,115.00
DAVIDOFF n°07,"Alsbo Ruby, en 50 g",23.00,23.00
DAVIDOFF n°07,"Alsbo Ruby (5 blagues de 50g), en 250 g",115.00,115.00
DAVIDOFF n°07,"Alsbo Silver, en 50 g",23.00,23.00
DAVIDOFF n°07,"Alsbo Silver (5 blagues de 50g), en 250 g",115.00,115.00
DAVIDOFF n°07,"Alsbo Sungold, en 50 g",23.00,23.00
DAVIDOFF n°07,"Alsbo Sungold (5 blagues de 50g), en 250 g",115.00,115.00
DAVIDOFF n°07,"Borkum Riff Ruby, en 50 g",21.00,21.00
DAVIDOFF n°07,"Borkum Riff Ruby (5 blagues de 50g), en 250 g",105.00,105.00
DAVIDOFF n°07,"Borkum Riff Sungold, en 50 g",21.00,21.00
DAVIDOFF n°07,"Borkum Riff Sungold (5 blagues de 50g), en 250 g",105.00,105.00
DAVIDOFF n°07,"Davidoff Danish mixture, en 50 g",32.00,32.00
DAVIDOFF n°07,"Davidoff Danish mixture (5 boîtes de 50g), en 250 g",160.00,160.00
DAVIDOFF n°07,"Davidoff Danish mixture (2 boîtes de 50g), en 100 g",64.00,64.00
DAVIDOFF n°07,"Davidoff English mixture, en 50 g",32.00,32.00
DAVIDOFF n°07,"Davidoff English mixture (5 boîtes de 50g), en 250 g",160.00,160.00
DAVIDOFF n°07,"Davidoff Flake medaillons, en 50 g",34.00,34.00
DAVIDOFF n°07,"Davidoff Flake medaillons (5 boîtes de 50g), en 250 g",170.00,170.00
DAVIDOFF n°07,"Davidoff Royalty 100 % tabac, en 50 g",32.00,32.00
DAVIDOFF n°07,"Davidoff Royalty 100 % tabac (5 boîtes de 50g), en 250 g",160.00,160.00
DAVIDOFF n°07,"Davidoff Royalty 100 % tabac (2 boîtes de 50g), en 100 g",64.00,64.00
DAVIDOFF n°07,"Davidoff Scottish mixture, en 50 g",32.00,32.00
DAVIDOFF n°07,"Davidoff Scottish mixture (5 boîtes de 50g), en 250 g",160.00,160.00
DAVIDOFF n°07,"Davidoff Scottish mixture (2 boîtes de 50g), en 100 g",64.00,64.00
DAVIDOFF n°07,"Kings Crown Mixture, en 40 g",13.00,13.00
DAVIDOFF n°07,"Kings Crown Mixture (5 blagues de 40g), en 200 g",65.00,65.00
DAVIDOFF n°07,"Orlik Kentucky bird, en 50 g",25.00,25.00
DAVIDOFF n°07,"Orlik Kentucky bird (5 blagues de 50g), en 250 g",125.00,125.00
DAVIDOFF n°07,"Aran Mixture, en 40 g",22.00,22.00
DAVIDOFF n°07,"Aran Mixture (5 blagues de 40g), en 200 g",110.00,110.00
DAVIDOFF n°07,"Connemara Black, en 40 g",22.00,22.00
DAVIDOFF n°07,"Connemara Black (5 blagues de 40g), en 200 g",110.00,110.00
DAVIDOFF n°07,"Connoisseur's Choice, en 50 g",35.00,35.00
DAVIDOFF n°07,"Connoisseur's Choice (5 boîtes de 50g), en 250 g",175.00,175.00
DAVIDOFF n°07,"De Luxe Mixture, en 50 g",35.00,35.00
DAVIDOFF n°07,"De Luxe Mixture (5 boîtes de 50g), en 250 g",175.00,175.00
DAVIDOFF n°07,"Early Morning, en 50 g",35.00,35.00
DAVIDOFF n°07,"Early Morning (5 boîtes de 50g), en 250 g",175.00,175.00
DAVIDOFF n°07,"Irish Cask, en 50 g",35.00,35.00
DAVIDOFF n°07,"Irish Cask (5 blagues de 50g), en 250 g",175.00,175.00
DAVIDOFF n°07,"Irish Dew, en 40 g",22.00,22.00
DAVIDOFF n°07,"Irish Dew (5 blagues de 40g), en 200 g",110.00,110.00
DAVIDOFF n°07,"My Mixture, en 50 g",35.00,35.00
DAVIDOFF n°07,"My Mixture (5 boîtes de 50g), en 250 g",175.00,175.00
DAVIDOFF n°07,"Night Cap, en 50 g",35.00,35.00
DAVIDOFF n°07,"Night Cap (5 boîtes de 50g), en 250 g",175.00,175.00
DAVIDOFF n°07,"Old Dublin, en 50 g",35.00,35.00
DAVIDOFF n°07,"Old Dublin (5 boîtes de 50g), en 250 g",175.00,175.00
DAVIDOFF n°07,"Sherlock Holmes, en 50 g",35.00,35.00
DAVIDOFF n°07,"Sherlock Holmes (5 boîtes de 50g), en 250 g",175.00,175.00
DAVIDOFF n°07,"Standard Mixture, en 50 g",35.00,35.00
DAVIDOFF n°07,"Standard Mixture (5 boîtes de 50g), en 250 g",175.00,175.00
DAVIDOFF n°07,"University Flake, en 50 g",35.00,35.00
DAVIDOFF n°07,"University Flake (5 boîtes de 50g), en 250 g",175.00,175.00
PIPAL n°33,"Big Ben coupe large (blague), en 25 g",6.00,6.00
PIPAL n°33,"Big Ben coupe large (pot), en 70 g",16.80,16.80
PIPAL n°33,"Big Ben ice coupe large (pot), en 70 g",15.10,15.10
PIPAL n°33,"Big Ben ice coupe large, en 30 g",6.50,6.50
EUROTAB n° 43,"Robert Mc Connel Cruise Line (pot), en 100 g",43.00,43.00
EUROTAB n° 43,"Samuel Gawith Balkan Flake (boite), en 50 g",29.90,29.90
EUROTAB n° 43,"Samuel Gawith Best Brown Flake (boite), en 50 g",29.90,29.90
EUROTAB n° 43,"Samuel Gawith Commonwealth (boite), en 50 g",29.90,29.90
EUROTAB n° 43,"Samuel Gawith Full Virginia Flake (boite), en 50 g",29.90,29.90
EUROTAB n° 43,"Samuel Gawith Skiff Mixture (boite), en 50 g",29.90,29.90
EUROTAB n° 43,"Samuel Gawith Squadrom Leader (boite), en 50 g",29.90,29.90
CHAPUIS COMOY n° 89,"Chacom n° 1, en 50 g",30.00,30.00
CHAPUIS COMOY n° 89,"Chacom n° 2, en 50 g",30.00,30.00
CHAPUIS COMOY n° 89,"Chacom n° 3, en 50 g",30.00,30.00
CHAPUIS COMOY n° 89,"Chacom n° 4, en 50 g",30.00,30.00
CHAPUIS COMOY n° 89,"Chacom n° 5, en 50 g",30.00,30.00
CHAPUIS COMOY n° 89,"Chacom n° 6, en 50 g",30.00,30.00
CHAPUIS COMOY n° 89,"1855 4th Generation, en 50 g",33.00,33.00
CHAPUIS COMOY n° 89,"1882 4th Generation, en 50 g",33.00,33.00
CHAPUIS COMOY n° 89,"1931 4th Generation, en 50 g",33.00,33.00
CHAPUIS COMOY n° 89,"1957 4th Generation, en 50 g",33.00,33.00
